student_id,student_name,class_id,student_address,student_phone
SIS-7A-001,Ahmad Fauzan,KLS-7A,Jl. Melati No. 1,081200010001
SIS-7A-002,Siti Aisyah,KLS-7A,Jl. Melati No. 2,081200010002
SIS-7A-003,Bima Pratama,KLS-7A,Jl. Melati No. 3,081200010003
SIS-7A-004,Nadia Putri,KLS-7A,Jl. Melati No. 4,081200010004
SIS-7A-005,Rizky Maulana,KLS-7A,Jl. Melati No. 5,081200010005
SIS-7A-006,Dewi Lestari,KLS-7A,Jl. Melati No. 6,081200010006
SIS-7A-007,Fajar Ramadhan,KLS-7A,Jl. Melati No. 7,081200010007
SIS-7A-008,Anisa Rahma,KLS-7A,Jl. Melati No. 8,081200010008
SIS-7A-009,Gilang Saputra,KLS-7A,Jl. Melati No. 9,081200010009
SIS-7A-010,Putri Wulandari,KLS-7A,Jl. Melati No. 10,081200010010
SIS-7A-011,Ardiansyah,KLS-7A,Jl. Melati No. 11,081200010011
SIS-7A-012,Laras Anggraini,KLS-7A,Jl. Melati No. 12,081200010012
SIS-7A-013,Kevin Aditya,KLS-7A,Jl. Melati No. 13,081200010013
SIS-7A-014,Maya Safitri,KLS-7A,Jl. Melati No. 14,081200010014
SIS-7A-015,Farhan Akbar,KLS-7A,Jl. Melati No. 15,081200010015
SIS-7A-016,Tiara Maharani,KLS-7A,Jl. Melati No. 16,081200010016
SIS-7A-017,Reza Firmansyah,KLS-7A,Jl. Melati No. 17,081200010017
SIS-7A-018,Citra Amalia,KLS-7A,Jl. Melati No. 18,081200010018
SIS-7A-019,Dimas Arya,KLS-7A,Jl. Melati No. 19,081200010019
SIS-7A-020,Intan Permata,KLS-7A,Jl. Melati No. 20,081200010020
SIS-7A-021,Yusuf Hidayat,KLS-7A,Jl. Melati No. 21,081200010021
SIS-7A-022,Rani Oktavia,KLS-7A,Jl. Melati No. 22,081200010022
SIS-7A-023,Ilham Nugraha,KLS-7A,Jl. Melati No. 23,081200010023
SIS-7A-024,Salsa Nabila,KLS-7A,Jl. Melati No. 24,081200010024
SIS-7A-025,Agus Setiawan,KLS-7A,Jl. Melati No. 25,081200010025
SIS-7A-026,Nurul Azizah,KLS-7A,Jl. Melati No. 26,081200010026
SIS-7A-027,Andre Wijaya,KLS-7A,Jl. Melati No. 27,081200010027
SIS-7A-028,Vina Kartika,KLS-7A,Jl. Melati No. 28,081200010028
SIS-7A-029,Hendra Gunawan,KLS-7A,Jl. Melati No. 29,081200010029
SIS-7A-030,Fitri Handayani,KLS-7A,Jl. Melati No. 30,081200010030
SIS-7B-001,Muhammad Rafi,KLS-7B,Jl. Kenanga No. 1,081200020001
SIS-7B-002,Aulia Zahra,KLS-7B,Jl. Kenanga No. 2,081200020002
SIS-7B-003,Bagas Kurniawan,KLS-7B,Jl. Kenanga No. 3,081200020003
SIS-7B-004,Naila Khairunnisa,KLS-7B,Jl. Kenanga No. 4,081200020004
SIS-7B-005,Rangga Mahendra,KLS-7B,Jl. Kenanga No. 5,081200020005
SIS-7B-006,Syifa Nuraini,KLS-7B,Jl. Kenanga No. 6,081200020006
SIS-7B-007,Alif Prakoso,KLS-7B,Jl. Kenanga No. 7,081200020007
SIS-7B-008,Keisha Maharani,KLS-7B,Jl. Kenanga No. 8,081200020008
SIS-7B-009,Galih Permana,KLS-7B,Jl. Kenanga No. 9,081200020009
SIS-7B-010,Meisya Ramadhani,KLS-7B,Jl. Kenanga No. 10,081200020010
SIS-7B-011,Habib Alfarizi,KLS-7B,Jl. Kenanga No. 11,081200020011
SIS-7B-012,Kayla Maharani,KLS-7B,Jl. Kenanga No. 12,081200020012
SIS-7B-013,Daffa Rizqullah,KLS-7B,Jl. Kenanga No. 13,081200020013
SIS-7B-014,Sabrina Putri,KLS-7B,Jl. Kenanga No. 14,081200020014
SIS-7B-015,Jonathan Siregar,KLS-7B,Jl. Kenanga No. 15,081200020015
SIS-7B-016,Melati Puspita,KLS-7B,Jl. Kenanga No. 16,081200020016
SIS-7B-017,Rayhan Fadillah,KLS-7B,Jl. Kenanga No. 17,081200020017
SIS-7B-018,Shafa Kirana,KLS-7B,Jl. Kenanga No. 18,081200020018
SIS-7B-019,Tegar Pranata,KLS-7B,Jl. Kenanga No. 19,081200020019
SIS-7B-020,Naura Azzahra,KLS-7B,Jl. Kenanga No. 20,081200020020
SIS-7B-021,Raka Febrian,KLS-7B,Jl. Kenanga No. 21,081200020021
SIS-7B-022,Amira Salsabila,KLS-7B,Jl. Kenanga No. 22,081200020022
SIS-7B-023,Wildan Hakim,KLS-7B,Jl. Kenanga No. 23,081200020023
SIS-7B-024,Tasya Putri,KLS-7B,Jl. Kenanga No. 24,081200020024
SIS-7B-025,Arkan Maulana,KLS-7B,Jl. Kenanga No. 25,081200020025
SIS-7B-026,Dinda Prameswari,KLS-7B,Jl. Kenanga No. 26,081200020026
SIS-7B-027,Fikri Ramadhan,KLS-7B,Jl. Kenanga No. 27,081200020027
SIS-7B-028,Livia Anggraeni,KLS-7B,Jl. Kenanga No. 28,081200020028
SIS-7B-029,Satya Nugroho,KLS-7B,Jl. Kenanga No. 29,081200020029
SIS-7B-030,Amanda Cahyani,KLS-7B,Jl. Kenanga No. 30,081200020030
SIS-7C-001,Adam Saputra,KLS-7C,Jl. Anggrek No. 1,081200030001
SIS-7C-002,Bella Pertiwi,KLS-7C,Jl. Anggrek No. 2,081200030002
SIS-7C-003,Cahyo Wibowo,KLS-7C,Jl. Anggrek No. 3,081200030003
SIS-7C-004,Dian Pratiwi,KLS-7C,Jl. Anggrek No. 4,081200030004
SIS-7C-005,Eka Putra,KLS-7C,Jl. Anggrek No. 5,081200030005
SIS-7C-006,Fina Maharani,KLS-7C,Jl. Anggrek No. 6,081200030006
SIS-7C-007,Gavin Erlangga,KLS-7C,Jl. Anggrek No. 7,081200030007
SIS-7C-008,Hana Salsabila,KLS-7C,Jl. Anggrek No. 8,081200030008
SIS-7C-009,Ibnu Fikri,KLS-7C,Jl. Anggrek No. 9,081200030009
SIS-7C-010,Jihan Aurelia,KLS-7C,Jl. Anggrek No. 10,081200030010
SIS-7C-011,Khalid Hasan,KLS-7C,Jl. Anggrek No. 11,081200030011
SIS-7C-012,Laila Mufidah,KLS-7C,Jl. Anggrek No. 12,081200030012
SIS-7C-013,Marcellino Putra,KLS-7C,Jl. Anggrek No. 13,081200030013
SIS-7C-014,Nisa Aprilia,KLS-7C,Jl. Anggrek No. 14,081200030014
SIS-7C-015,Oka Prasetyo,KLS-7C,Jl. Anggrek No. 15,081200030015
SIS-7C-016,Pevita Rahmadani,KLS-7C,Jl. Anggrek No. 16,081200030016
SIS-7C-017,Qori Maulana,KLS-7C,Jl. Anggrek No. 17,081200030017
SIS-7C-018,Raisa Fitriani,KLS-7C,Jl. Anggrek No. 18,081200030018
SIS-7C-019,Sultan Arifin,KLS-7C,Jl. Anggrek No. 19,081200030019
SIS-7C-020,Tania Oktaviani,KLS-7C,Jl. Anggrek No. 20,081200030020
SIS-7C-021,Umar Faruq,KLS-7C,Jl. Anggrek No. 21,081200030021
SIS-7C-022,Via Ramadhani,KLS-7C,Jl. Anggrek No. 22,081200030022
SIS-7C-023,Wahyu Santoso,KLS-7C,Jl. Anggrek No. 23,081200030023
SIS-7C-024,Xaviera Putri,KLS-7C,Jl. Anggrek No. 24,081200030024
SIS-7C-025,Yoga Pangestu,KLS-7C,Jl. Anggrek No. 25,081200030025
SIS-7C-026,Zahra Amani,KLS-7C,Jl. Anggrek No. 26,081200030026
SIS-7C-027,Alden Pratama,KLS-7C,Jl. Anggrek No. 27,081200030027
SIS-7C-028,Bunga Kamilia,KLS-7C,Jl. Anggrek No. 28,081200030028
SIS-7C-029,Candra Irawan,KLS-7C,Jl. Anggrek No. 29,081200030029
SIS-7C-030,Dhea Kartikasari,KLS-7C,Jl. Anggrek No. 30,081200030030
